"train no.","train name","starts","ends"
"12723","Andhra Pradesh Express","Hyderabad Decan","New Delhi"
"22416","Andhra Pradesh Express","New Delhi","Vishakapatnam"
"12724","Andhra Pradesh Express","New Delhi","Hyderabad Decan"
"12707","Andhra Pradesh Sampark Kranti","Tirupati","H Nizamuddin"
"15609","Abadh Assam Express","New Tinsukia Junction","Darbhanga Junction"
"15909","Abadh Assam Express","New Tinsukia Junction","Darbhanga Junction"
"18242","Abkp Durg Passenger E","Ambikapur","Durg"
"11266","Abkp Jbp Express","Ambikapur","Jabalpur"
"54703","Abs Ju Passengr","Abohar","Jodhpur Junction"
"07509","Adb Qln Special","Adilabad","Kollam Junction"
"09427","Adi Ald Special","Ahmedabad Junction","Allahabad Junction"
"09018","Adi Bct Ac Special","Ahmedabad Junction","Mumbai Central"
"14804","Adi Bgkt Express","Ahmedabad Junction","Bhagat Ki Kothi"
"04804","Adi Bgkt Special","Ahmedabad Junction","Bhagat Ki Kothi"
"09421","Adi Bme Ac Special","Ahmedabad Junction","Barmer"
"19130","Adi Brc Intercity","Ahmedabad Junction","Vadodara Junction"
"02713","Adi Bza Superfast Special","Ahmedabad Junction","Vijayawada Junction"
"19420","Adi Chennai Express","Ahmedabad Junction","Chennai Central"
"09417","Adi Dee Premium","Ahmedabad Junction","Delhi S Rohilla"
"12931","Adi Double Deck","Mumbai Central","Ahmedabad Junction"
"12267","Adi Duronto Express","Mumbai Central","Ahmedabad Junction"
"12298","Adi Duronto Express","Pune Junction","Ahmedabad Junction"
"09425","Adi Jaipur Special","Ahmedabad Junction","Jaipur"
"19223","Adi Jat Express","Ahmedabad Junction","Jammu Tawi"
"09413","Adi Lucknow Special","Ahmedabad Junction","Lucknow Nr"
"09420","Adi Majn Superfast Special","Ahmedabad Junction","Mangalore Junction"
"09411","Adi Patna Special","Ahmedabad Junction","Patna Junction"
"18406","Adi Puri Express","Ahmedabad Junction","Puri"
"12844","Adi Puri Express","Ahmedabad Junction","Puri"
"12958","Adi Sj Rajdhani","New Delhi","Ahmedabad Junction"
"19415","Adi Svdk Express","Ahmedabad Junction","Shmata V D Ktra"
"19944","Adi Udz Express","Ahmedabad Mg","Udaipur City"
"19407","Adi Varanasi Express","Ahmedabad Junction","Varanasi Junction"
"16501","Adi Ypr Express","Ahmedabad Junction","Yesvantpur Junction"
"12547","Af Adi Superfast Express","Agra Fort","Ahmedabad Junction"
"12195","Af Aii Intercity","Agra Fort","Ajmer Junction"
"09612","Af Aii Special","Agra Fort","Ajmer Junction"
"12036","Af Jp Shatabdi","Agra Fort","Jaipur"
"15055","Af Rmr Express","Agra Fort","Ramnagar"
"12954","Ag Kranti Rajdhani","H Nizamuddin","Mumbai Central"
"13168","Agc Koaa Express","Agra Cantt","Kolkata"
"12320","Agc Koaa Express","Agra Cantt","Kolkata"
"01436","Agc Pune Special","Agra Cantt","Pune Junction"
"12341","Agnibina Express","Howrah Junction","Asansol Junction"
"12342","Agnibina Express","Asansol Junction","Howrah Junction"
"12548","Agra Super Fast","Ahmedabad Junction","Agra Fort"
"52575","Agtl Dmr Passenger","Agartala","Dharmanagar"
"22646","Ahilyanagari Express","Trivandrum Cntl","Indore Junction Bg"
"22645","Ahilyanagari Express","Indore Junction Bg","Trivandrum Cntl"
"11095","Ahimsa Express","Ahmedabad Junction","Pune Junction"
"11096","Ahimsa Express","Pune Junction","Ahmedabad Junction"
"16502","Ahmadabad Express","Yesvantpur Junction","Ahmedabad Junction"
"59439","Ahmadabad Passenger","Mumbai Central","Ahmedabad Junction"
"59440","Ahmadabad Passenger","Ahmedabad Junction","Borivali"
"11050","Ahmedabad Express","C Shahumharaj T","Ahmedabad Junction"
"09419","Ahmedabad Express","Mangalore Junction","Ahmedabad Junction"
"59442","Ahmedabad Passenger","Ahmedabad Junction","Mumbai Central"
"59441","Ahmedabad Passenger","Mumbai Central","Nandurbar"
"09649","Aii Adi Special","Ajmer Junction","Ahmedabad Junction"
"12196","Aii Af Intercity","Ajmer Junction","Agra Fort"
"05712","Aii Apdj Special","Ajmer Junction","Alipur Duar Junction"
"22996","Aii Bdts Superfast Express","Ajmer Junction","Bandra Terminus"
"09611","Aii Bdts Special","Ajmer Junction","Bandra Terminus"
"09619","Aii Bdts Urs Special","Ajmer Junction","Bandra Terminus"
"09601","Aii Beas Special","Ajmer Junction","Beas"
"09602","Aii Beas Special","Ajmer Junction","Udaipur City"
"13424","Aii Bgp Express","Ajmer Junction","Bhagalpur"
"05286","Aii Bju Special","Ajmer Junction","Barauni Junction"
"12983","Aii Cdg G Rath","Ajmer Junction","Chandigarh"
"05104","Aii Cpr Special","Ajmer Junction","Chhapra"
"12990","Aii Ddr  Express","Ajmer Junction","Dadar"
"04042","Aii Dli Superfast Special","Ajmer Junction","Delhi"
"18208","Aii Durg Express","Ajmer Junction","Durg"
"19609","Aii Hw Express","Ajmer Junction","Haridwar Junction"
"09640","Aii Hw Special","Ajmer Junction","Haridwar Junction"
"03002","Aii Hwh Special","Ajmer Junction","Howrah Junction"
"17019","Aii Hyb Express","Ajmer Junction","Hyderabad Decan"
"12719","Aii Hyb Superfast Express","Ajmer Junction","Hyderabad Decan"
"07126","Aii Hyb Special","Ajmer Junction","Hyderabad Decan"
"09312","Aii Indb Special","Ajmer Junction","Indore Junction Bg"
"12066","Aii Jan Shatabd","H Nizamuddin","Ajmer Junction"
"12413","Aii Jat Express","Ajmer Junction","Jammu Tawi"
"09720","Aii Jp Express","Ajmer Junction","Jaipur"
"09621","Aii Jp Intercity","Ajmer Junction","Jaipur"
"09625","Aii Jp Superfast Special","Ajmer Junction","Jaipur"
"54802","Aii Ju Fast Passenger","Ajmer Junction","Jodhpur Junction"
"09615","Aii Ju Special","Ajmer Junction","Jodhpur Junction"
"07130","Aii Kcg Special","Ajmer Junction","Kacheguda"
"03138","Aii Koaa   Special","Ajmer Junction","Howrah Junction"
"19608","Aii Koaa Express","Ajmer Junction","Kolkata"
"16209","Aii Mys Express","Ajmer Junction","Mysore Junction"
"22211","Aii Nzm Duronto","Ajmer Junction","H Nizamuddin"
"18422","Aii Puri Express","Ajmer Junction","Puri"
"19654","Aii Rtm Express","Ajmer Junction","Ratlam Junction"
"12988","Aii Sdah Express","Ajmer Junction","Sealdah"
"09609","Aii St Special","Ajmer Junction","Surat"
"19607","Aii Wkly Express","Kolkata","Ajmer Junction"
"17063","Ajanta Express","Manmad Junction","Secunderabad Junction"
"17064","Ajanta Express","Secunderabad Junction","Manmad Junction"
"19611","Ajmer Asr Express","Ajmer Junction","Amritsar Junction"
"19613","Ajmer Asr Express","Ajmer Junction","Amritsar Junction"
"16210","Ajmer Express","Mysore Junction","Ajmer Junction"
"12989","Ajmer Express","Dadar","Ajmer Junction"
"19411","Ajmer Intercity","Ahmedabad Junction","Ajmer Junction"
"12015","Ajmer Shatabdi","New Delhi","Ajmer Junction"
"12016","Ajmer Shatabdi","Ajmer Junction","New Delhi"
"09650","Ajmer Special","Ahmedabad Junction","Ajmer Junction"
"12120","Ajni Ami Express","Nagpur","Amravati"
"11202","Ajni Ltt Express","Ajni","Lokmanyatilak T"
"17640","Ak Kcg Express","Akola Junction","Kacheguda"
"52994","Ak Mhow  F  Passenger","Akola Junction","Mhow"
"07507","Ak Qln Special","Akola Junction","Kollam Junction"
"12318","Akal Takhat Express","Amritsar Junction","Sealdah"
"12317","Akal Takht Express","Sealdah","Amritsar Junction"
"14311","Ala Hazrat Express","Bareilly","Bhuj"
"14312","Ala Hazrat Express","Bhuj","Bareilly"
"07092","Ald  Hyb  Special","Allahabad Junction","Hyderabad Decan"
"09430","Ald Adi Special","Allahabad Junction","Ahmedabad Junction"
"09428","Ald Adi Special","Allahabad Junction","Ahmedabad Junction"
"04421","Ald Anvt Superfast Special","Allahabad Junction","Anand Vihar Trm"
"04117","Ald Anvt Special","Allahabad Junction","Anand Vihar Trm"
"07240","Ald Cct Special","Allahabad Junction","Kakinada Town"
"04001","Ald Dli Superfast Special","Allahabad Junction","Delhi"
"12276","Ald Duronto Express","New Delhi","Allahabad Junction"
"12293","Ald Duronto Express","Lokmanyatilak T","Allahabad Junction"
"14115","Ald Hw Express","Allahabad Junction","Haridwar Junction"
"04120","Ald Hwh Special","Allahabad Junction","Howrah Junction"
"09314","Ald Indb Special","Allahabad Junction","Indore Junction Bg"
"04121","Ald Jat Ac Special","Allahabad Junction","Jammu Tawi"
"12403","Ald Jp Express","Allahabad Junction","Jaipur"
"12294","Ald Ltt Duronto","Allahabad Junction","Lokmanyatilak T"
"04115","Ald Ltt Special","Allahabad Junction","Lokmanyatilak T"
"04111","Ald Ndls Superfast Special","Allahabad Junction","New Delhi"
"07514","Ald Ned Special","Allahabad Junction","Nanded"
"07512","Ald Ned Special","Allahabad Junction","Nanded"
"04124","Ald R Special","Allahabad Junction","Raipur Junction"
"09016","Ald St Special","Allahabad Junction","Surat"
"08576","Ald Vskp Special","Allahabad Junction","Vishakapatnam"
"09313","Allahabad Special","Indore Junction Bg","Allahabad Junction"
"09429","Allahabad Special","Ahmedabad Junction","Allahabad Junction"
"16308","Alleppey Express","Kannur","Alleppey"
"22639","Alleppey Express","Chennai Central","Alleppey"
"12587","Amar Nath Express","Gorakhpur Junction","Jammu Tawi"
"18047","Amaravathi Express","Howrah Junction","Vasco Da Gama"
"17225","Amaravathi Express","Vijayawada Junction","Hubli Junction"
"17226","Amaravati Express","Hubli Junction","Kacheguda"
"12853","Amarkantak Express","Durg","Bhopal  Junction"
"12854","Amarkantak Express","Bhopal  Junction","Durg"
"15097","Amarnath Express","Bhagalpur","Jammu Tawi"
"15098","Amarnath Express","Jammu Tawi","Bhagalpur"
"15653","Amarnath Express","Guwahati","Jammu Tawi"
"11265","Ambikapur Express","Jabalpur","Ambikapur"
"13138","Amh Koaa Express","Azamgarh","Kolkata"
"11054","Amh Ltt Express","Azamgarh","Lokmanyatilak T"
"12119","Ami Ajni Express","Amravati","Ajni"
"12159","Ami Jbp Superfast Express","Amravati","Jabalpur"
"11406","Ami Pune Express","Amravati","Pune Junction"
"12766","Ami Tpty Superfast Express","Amravati","Tirupati"
"09050","Ami Udn Passenger Special","Amravati","Udhna Junction"
"12112","Amravati Cstm E","Amravati","Mumbai Cst"
"16343","Amritha Express","Trivandrum Cntl","Palghat Town"
"16344","Amritha Express","Palghat Town","Trivandrum Cntl"
"12483","Amritsar Express","Kochuveli","Amritsar Junction"
"13049","Amritsar Express","Howrah Junction","Amritsar Junction"
"11057","Amritsar Express","Lokmanyatilak T","Dhule"
"13005","Amritsar Mail","Howrah Junction","Amritsar Junction"
"12013","Amritsar Shatabdi","New Delhi","Amritsar Junction"
"12014","Amritsar Shatabdi","Amritsar Junction","New Delhi"
"12032","Amritsar Shatabdi","Amritsar Junction","New Delhi"
"12031","Amritsar Shatabdi","New Delhi","Amritsar Junction"
"22128","Anandwan Express","Kazipet Junction","Lokmanyatilak T"
"22127","Anandwan Express","Lokmanyatilak T","Kazipet Junction"
"16723","Anantapuri Express","Chennai Egmore","Trivandrum Cntl"
"16724","Anantapuri Express","Trivandrum Cntl","Chennai Egmore"
"12316","Ananya Express","Udaipur City","Sealdah"
"16031","Andaman Express","Chennai Central","Jammu Tawi"
"16032","Andaman Express","Jammu Tawi","Chennai Central"
"12253","Anga Express","Yesvantpur Junction","Bhagalpur"
"12254","Anga Express","Bhagalpur","Yesvantpur Junction"
"12315","Annanya  Express","Sealdah","Udaipur City"
"04422","Anvt Ald Superfast Special","Anand Vihar Trm","Allahabad Junction"
"04118","Anvt Ald Special","Anand Vihar Trm","Allahabad Junction"
"03518","Anvt Asn Special","Anand Vihar Trm","Asansol Junction"
"22406","Anvt Bgp G Rath","Anand Vihar Trm","Bhagalpur"
"14152","Anvt Cnb Express","Anand Vihar Trm","Kanpur Central"
"05214","Anvt Dbg Special","Anand Vihar Trm","Darbhanga Junction"
"04053","Anvt Ddn Ac Special","Delhi","Dehradun"
"12211","Anvt Garib Rath","Muzaffarpur Junction","Anand Vihar Trm"
"22409","Anvt Garib Rath","Gaya Junction","Anand Vihar Trm"
"05028","Anvt Gkp  Special","Anand Vihar Trm","Gorakhpur Junction"
"05038","Anvt Gkp  Special","Anand Vihar Trm","Gorakhpur Junction"
"15058","Anvt Gkp Express","Anand Vihar Trm","Gorakhpur Junction"
"05052","Anvt Gkp Special","Anand Vihar Trm","Gorakhpur Junction"
"05040","Anvt Gkp Special","Anand Vihar Trm","Gorakhpur Junction"
"05036","Anvt Gkp Special","Anand Vihar Trm","Gorakhpur Junction"
"05058","Anvt Gkp Special","Anand Vihar Trm","Gorakhpur Junction"
"05050","Anvt Gkp Special","Delhi","Gorakhpur Junction"
"12444","Anvt Hlz S F Express","Anand Vihar Trm","Haldia"
"12040","Anvt Kgm Shatabdi","Anand Vihar Trm","Kathgodam"
"13132","Anvt Koaa Express","Anand Vihar Trm","Kolkata"
"03126","Anvt Koaa Superfast Special","Anand Vihar Trm","Kolkata"
"15622","Anvt Kyq Express","Anand Vihar Trm","Kamakhya"
"15026","Anvt Mau Express","Anand Vihar Trm","Mau Junction"
"13430","Anvt Mldt Express","Anand Vihar Trm","Malda Town"
"02394","Anvt Pnbe Special","Anand Vihar Trm","Patna Junction"
"02365","Anvt Premium","Patna Junction","Anand Vihar Trm"
"02527","Anvt Premium Special","Gorakhpur Junction","Anand Vihar Trm"
"22488","Anvt Rdp Link","Anand Vihar Trm","Radhikapur"
"12428","Anvt Rewa Express","Anand Vihar Trm","Rewa"
"03190","Anvt Sdah Superfast Special","Anand Vihar Trm","Sealdah"
"22858","Anvt Src Superfast Express","Anand Vihar Trm","Santragachi Junction"
"04051","Anvt Uhp Special","Anand Vihar Trm","Udhampur"
"04403","Anvt Uhp Special","Anand Vihar Trm","Udhampur"
"12708","Ap Sampark Kranti","H Nizamuddin","Tirupati"
"05711","Apdj Aii Special","Alipur Duar Junction","Ajmer Junction"
"05817","Apdj Dbb Special","Alipur Duar Junction","Dhubri"
"12885","Aranyak Express","Shalimar","Bhojudih Junction"
"12886","Aranyak Express","Bhojudih Junction","Shalimar"
"19707","Aravali Express","Bandra Terminus","Jaipur"
"19708","Aravali Express","Jaipur","Bandra Terminus"
"12356","Archana Express","Jammu Tawi","Rjndr Ngr Bihar"
"12355","Archna Express","Rjndr Ngr Bihar","Jammu Tawi"
"15813","Arunachal Express","Rangiya Junction","Murkeongselek"
"15814","Arunachal Express","Dhemaji","Rangiya Junction"
"03560","Asansol Special","Patna Junction","Asansol Junction"
"12915","Ashram Express","Ahmedabad Junction","Delhi"
"12916","Ashram Express","Delhi","Ahmedabad Junction"
"03513","Asn  Jyg Special","Asansol Junction","Jaynagar"
"03517","Asn Anvt Special","Asansol Junction","Anand Vihar Trm"
"12361","Asn Cstm Express","Asansol Junction","Mumbai Cst"
"13509","Asn Gd Express","Asansol Junction","Gonda Junction"
"13507","Asn Gkp Express","Asansol Junction","Gorakhpur Junction"
"12376","Asn Mas Express","Asansol Junction","Chennai Central"
"03555","Asn Mfp Special","Asansol Junction","Muzaffarpur Junction"
"03503","Asn Pnbe Special","Asansol Junction","Patna Junction"
"03511","Asn Pnbe Special","Asansol Junction","Patna Junction"
"03557","Asn Pnbe Special","Asansol Junction","Patna Junction"
"03516","Asn Puri Special","Asansol Junction","Puri"
"19614","Asr Aii Express","Amritsar Junction","Ajmer Junction"
"19612","Asr Ajmer Express","Amritsar Junction","Ajmer Junction"
"12242","Asr Cdg Superfast","Amritsar Junction","Chandigarh"
"14154","Asr Cnb Express","Amritsar Junction","Kanpur Central"
"15934","Asr Dbrg Express","Amritsar Junction","Dibrugarh"
"14632","Asr Ddn Express","Amritsar Junction","Dehradun"
"54602","Asr Hsr Passenger","Amritsar Junction","Sadulpur Junction"
"12054","Asr Hw Jnshtbdi","Amritsar Junction","Haridwar Junction"
"13050","Asr Hwh Express","Amritsar Junction","Howrah Junction"
"13006","Asr Hwh Mail","Amritsar Junction","Howrah Junction"
"19326","Asr Indb Express","Amritsar Junction","Indore Junction Bg"
"19772","Asr Jaipur Express","Amritsar Junction","Ajmer Junction"
"12484","Asr Kcvl Express","Amritsar Junction","Kochuveli"
"15708","Asr Kir Express","Amritsar Junction","Katihar Junction"
"12358","Asr Koaa Superfast Express","Amritsar Junction","Kolkata"
"14616","Asr Lku Express","Amritsar Junction","Lal Kuan"
"11058","Asr Ltt Express","Amritsar Junction","Lokmanyatilak T"
"12460","Asr Ndls Express","Amritsar Junction","New Delhi"
"12716","Asr Ned Express","Amritsar Junction","Nanded"
"12422","Asr Ned Superfast Express","Amritsar Junction","Nanded"
"14002","Attari Dli Express","Atari","Delhi"
"12953","Aug Kr Raj Express","Mumbai Central","H Nizamuddin"
"57549","Aurangabad Psgr","Hyderabad Decan","Aurangabad"
"15910","Avadh Assam Express","Lalgarh Junction","New Tinsukia Junction"
"19037","Avadh Express","Bandra Terminus","Gorakhpur Junction"
"19038","Avadh Express","Gorakhpur Junction","Bandra Terminus"
"19040","Avadh Express","Muzaffarpur Junction","Bandra Terminus"
"19039","Avadh Express","Bandra Terminus","Muzaffarpur Junction"
"12961","Avantika Express","Mumbai Central","Indore Junction Bg"
"12962","Avantika Express","Indore Junction Bg","Mumbai Central"
"17619","Awb Ned Express","Aurangabad","Nanded"
"07505","Awb Qln Special","Aurangabad","Kollam Junction"
"17621","Awb Ru Express","Aurangabad","Renigunta Junction"
"07503","Awb Tpty Special","Aurangabad","Tirupati"
"07405","Awb Tpty Special","Aurangabad","Tirupati"
"14808","Awr Jp Express","Alwar","Jaipur"
"04805","Awr Krh Special","Alwar","Khairthal"
"12129","Azad Hind Express","Pune Junction","Howrah Junction"
"12130","Azad Hind Express","Howrah Junction","Pune Junction"
"12948","Azimabad Express","Patna Junction","Ahmedabad Junction"
"12947","Azimabad Express","Ahmedabad Junction","Patna Junction"
"15665","B  G  Express","Kamakhya","Dimapur"
"15666","B G Express","Dimapur","Kamakhya"
"18449","B Nath Dham Express","Puri","Patna Junction"
"18450","B Nath Dham Express","Patna Junction","Puri"
"13019","Bagh Express","Howrah Junction","Kathgodam"
"13020","Bagh Express","Kathgodam","Howrah Junction"
"12577","Bagmati Express","Darbhanga Junction","Mysore Junction"
"12578","Bagmati Express","Mysore Junction","Darbhanga Junction"
"74639","Bahl  Sina","Banihal","Srinagar"
"19452","Bandra Terminus Express","Gandhidham Bg","Bandra Terminus"
"12785","Bangalore Express","Kacheguda","Bangalore Cy Junction"
"06029","Bangalore Express","Chennai Central","Bangalore Cy Junction"
"17236","Bangalore Express","Nagercoil Junction","Bangalore Cy Junction"
"16228","Bangalore Express","Talguppa","Bangalore Cy Junction"
"16518","Bangalore Express","Kannur","Bangalore Cy Junction"
"06314","Bangalore Express","Kochuveli","Bangalore Cy Junction"
"06516","Bangalore Express","Tirunelveli","Bangalore Cy Junction"
"16316","Bangalore Express","Kochuveli","Bangalore Cy Junction"
"16322","Bangalore Express","Trivandrum Cntl","Bangalore Cy Junction"
"16538","Bangalore Express","Nagercoil Junction","Bangalore Cy Junction"
"16525","Bangalore Express","Kanyakumari","Bangalore Cy Junction"
"06590","Bangalore Express","Hubli Junction","Bangalore Cy Junction"
"12609","Bangalore Express","Chennai Central","Bangalore Cy Junction"
"16524","Bangalore Express","Karwar","Bangalore Cy Junction"
"12678","Bangalore Express","Eranakulam Junction","Bangalore Cy Junction"
"12657","Bangalore Mail","Chennai Central","Bangalore Cy Junction"
"56263","Bangalore Passenger","Mysore Junction","Bangalore Cy Junction"
"12683","Bangalore Superfast Express","Eranakulam Junction","Bangalore Cy Junction"
"22607","Bangalore Superfast Express","Eranakulam Junction","Bangalore Cy Junction"
"06514","Bangalore Special","Patna Junction","Bangalore Cy Junction"
"22694","Banglore Rajdhn","H Nizamuddin","Bangalore Cy Junction"
"12494","Banglore Rajdhn","H Nizamuddin","Bangalore Cy Junction"
"22692","Banglore Rajdhani","H Nizamuddin","Bangalore Cy Junction"
"13241","Banka Rjpb Express","Banka","Rjndr Ngr Bihar"
"15693","Barak Valley Express","Lumding Junction","Silchar"
"14555","Bareilly Dli Express","Bareilly","Delhi"
"14313","Bareilly Express","Lokmanyatilak T","Bareilly"
"14556","Bareilly Express","Delhi","Bareilly"
"14322","Bareilly Express","Bhuj","Bareilly"
"28624","Barka Rjpb Express","Barka Kana","Rjndr Ngr Bihar"
"14888","Barmer  Klk Express","Barmer","Kalka"
"14805","Barmer Ac Express","Yesvantpur Junction","Barmer"
"17307","Basava Express","Mysore Junction","Bagalkot"
"17308","Basava Express","Bagalkot","Mysore Junction"
"51029","Bb Bjp Fast Passenger","Mumbai Cst","Bijapur"
"18404","Bbn Ckp Intercity Express","Barabil","Chakradharpur"
"12021","Bbn Janshatabdi","Howrah Junction","Barabil"
"12022","Bbn Janshatabdi","Barabil","Howrah Junction"
"18415","Bbn Puri Express","Barabil","Puri"
"12831","Bbs  Garib Rath","Dhanbad Junction","Bhubaneswar"
"12892","Bbs Bpo Express","Bhubaneswar","Bangriposi"
"18437","Bbs Bwip Link E","Bhubaneswar","Nilaje"
"12830","Bbs Chennai Express","Bhubaneswar","Chennai Central"
"01020","Bbs Cstm Special","Bhubaneswar","Mumbai Cst"
"12281","Bbs Duronto Express","Bhubaneswar","New Delhi"
"12282","Bbs Duronto Express","New Delhi","Bhubaneswar"
"12894","Bbs Express","Balangir","Bhubaneswar"
"12074","Bbs Jan Shatabd","Bhubaneswar","Howrah Junction"
"12073","Bbs Jan Shatabd","Howrah Junction","Bhubaneswar"
"12880","Bbs Ltt Superfast Express","Bhubaneswar","Lokmanyatilak T"
"22805","Bbs Ndls Superfast Express","Bhubaneswar","New Delhi"
"12898","Bbs Pdy Express","Bhubaneswar","Puducherry"
"08449","Bbs Pnbe Special","Bhubaneswar","Patna Junction"
"22882","Bbs Pune Express","Bhubaneswar","Pune Junction"
"12582","Bbs Pune Express","Bhubaneswar","Pune Junction"
"22823","Bbs Rajdhani Express","Bhubaneswar","New Delhi"
"22811","Bbs Rajdhani Express","Bhubaneswar","New Delhi"
"18496","Bbs Rmm Express","Bhubaneswar","Rameswaram"
"18106","Bbs Rou Intercity Express","Bhubaneswar","Rourkela"
"08464","Bbs Rou Special","Bhubaneswar","Chakradharpur"
"22871","Bbs Tpty Express","Bhubaneswar","Tirupati"
"22879","Bbs Tpty Superfast Express","Bhubaneswar","Tirupati"
"12845","Bbs Ypr Superfast Express","Bhubaneswar","Yesvantpur Junction"
"09017","Bct Adi Ac Special","Mumbai Central","Ahmedabad Junction"
"09007","Bct Bikaner Special","Mumbai Central","Bikaner Junction"
"12932","Bct Doubledecke","Ahmedabad Junction","Mumbai Central"
"22210","Bct Duronto","New Delhi","Mumbai Central"
"12268","Bct Duronto Express","Ahmedabad Junction","Mumbai Central"
"12955","Bct Jp Express","Mumbai Central","Jaipur"
"09003","Bct Ndls Premiu","Mumbai Central","New Delhi"
"14209","Bdl Lko Intercity","Vindhyachal","Lucknow Nr"
"02904","Bdts Ac S F Express","Bhuj","Bandra Terminus"
"22904","Bdts Ac S F Express","Bhuj","Bandra Terminus"
"09027","Bdts Adi Special","Bandra Terminus","Ahmedabad Junction"
"12995","Bdts Aii Udz Express","Bandra Terminus","Ajmer Junction"
"09620","Bdts Aii Urs Special","Bandra Terminus","Ajmer Junction"
"19065","Bdts Bgkt Express","Bandra Terminus","Bhagat Ki Kothi"
"19115","Bdts Bhuj Express","Bandra Terminus","Bhuj"
"22474","Bdts Bkn Superfast Express","Bandra Terminus","Bikaner Junction"
"19203","Bdts Bvc Express","Bandra Terminus","Bhavnagar Trmus"
"19029","Bdts Dee Express","Bandra Terminus","Delhi S Rohilla"
"12910","Bdts Garib Rath","H Nizamuddin","Bandra Terminus"
"02534","Bdts Gkp Superfast Special","Bandra Terminus","Gorakhpur Junction"
"22915","Bdts Hsr Superfast Express","Bandra Terminus","Hisar"
"09029","Bdts Indore Special","Bandra Terminus","Indore Junction Bg"
"11104","Bdts Jhansi Express","Bandra Terminus","Jhansi Junction"
"22933","Bdts Jp Superfast Express","Bandra Terminus","Jaipur"
"09732","Bdts Jp Special","Bandra Terminus","Jaipur"
"09063","Bdts Jsm Express","Bandra Terminus","Jaisalmer"
"22931","Bdts Jsm Express","Bandra Terminus","Jaisalmer"
"19063","Bdts Jsm Express","Bandra Terminus","Jaisalmer"
"09019","Bdts Ju Special","Bandra Terminus","Jodhpur Junction"
"22444","Bdts Kanpur Express","Bandra Terminus","Kanpur Central"
"19021","Bdts Ljn Express","Bandra Terminus","Lucknow Ne"
"09009","Bdts Madgaon Special","Bandra Terminus","Madgaon"
"12247","Bdts Nzm Yuva E","Bandra Terminus","H Nizamuddin"
"19049","Bdts Patna Express","Bandra Terminus","Patna Junction"
"22935","Bdts Pit Superfast Express","Bandra Terminus","Mumbai Cst"
"09011","Bdts Pnbe Special","Bandra Terminus","Patna Junction"
"12907","Bdts Sampark K Express","Bandra Terminus","H Nizamuddin"
"12935","Bdts Surat Express","Bandra Terminus","Surat"
"14321","Be Bhuj Express","Bareilly","Bhuj"
"14236","Be Bsb Express","Bareilly","Varanasi Junction"
"54077","Be Dli Psngr","Bareilly","Delhi"
"14320","Be Indb Express","Bareilly","Indore Junction Bg"
"14308","Be Lko Ald Passenger","Bareilly","Prayag"
"14314","Be Ltt Express","Bareilly","Lokmanyatilak T"
"04918","Beas Sre Special","Beas","Saharanpur"
"12237","Begampura Express","Varanasi Junction","Jammu Tawi"
"12238","Begampura Express","Jammu Tawi","Varanasi Junction"
"18204","Betwa Express","Kanpur Central","Durg"
"18203","Betwa Express","Durg","Kanpur Central"
"14803","Bgkt Adi Express","Bhagat Ki Kothi","Ahmedabad Junction"
"04803","Bgkt Adi Special","Bhagat Ki Kothi","Ahmedabad Junction"
"09054","Bgkt Bct Special","Jodhpur Junction","Valsad"
"19066","Bgkt Bdts Express","Bhagat Ki Kothi","Bandra Terminus"
"18244","Bgkt Bsp Express","Bhagat Ki Kothi","Bilaspur Junction"
"08244","Bgkt Bsp Special","Bhagat Ki Kothi","Bilaspur Junction"
"15623","Bgkt Kyq Express","Bhagat Ki Kothi","Kamakhya"
"16863","Bgkt Mq Express","Bhagat Ki Kothi","Mannargudi"
"16533","Bgkt Sbc Express","Bhagat Ki Kothi","Bangalore Cy Junction"
"16507","Bgkt Sbcexp","Bhagat Ki Kothi","Bangalore Cy Junction"
"18574","Bgkt Vskp Express","Bhagat Ki Kothi","Vishakapatnam"
"11089","Bgktpune Express","Bhagat Ki Kothi","Pune Junction"
"07327","Bgm Ubl","Belgaum","Hubli Junction"
"22405","Bgp  Garib Rath","Bhagalpur","Anand Vihar Trm"
"13423","Bgp Aii Express","Bhagalpur","Ajmer Junction"
"03453","Bgp Gkp Special","Bhagalpur","Gorakhpur Junction"
"12335","Bgp Ltt Express","Bhagalpur","Lokmanyatilak T"
"13410","Bgp Mldt Intercity Express","Jamalpur Junction","Malda Town"
"12349","Bgp Ndls Express","Bhagalpur","New Delhi"
"03435","Bgp Pnbe Special","Bhagalpur","Patna Junction"
"18604","Bgp Rnc Express","Bhagalpur","Ranchi"
"19048","Bgp Surat Express","Bhagalpur","Surat"
"08104","Bgp Tata Special","Bhagalpur","Tatanagar Junction"
"12891","Bgy  Bbs Express","Bangriposi","Bhubaneswar"
"12336","Bhagalpur Express","Lokmanyatilak T","Bhagalpur"
"13103","Bhagirathi Express","Sealdah","Lalgola"
"13104","Bhagirathi Express","Lalgola","Sealdah"
"17233","Bhagyanagar Express","Secunderabad Junction","Balharshah"
"17234","Bhagyanagar Express","Balharshah","Secunderabad Junction"
"12971","Bhavnagar Express","Bandra Terminus","Bhavnagar Trmus"
"12155","Bhopal  Express","Habibganj","H Nizamuddin"
"12156","Bhopal  Express","H Nizamuddin","Habibganj"
"59389","Bhopal Passenge","Indore Junction Bg","Bhopal  Junction"
"12002","Bhopal Shatabdi","New Delhi","Habibganj"
"12846","Bhubaneshwar Express","Yesvantpur Junction","Bhubaneswar"
"12829","Bhubaneswar Express","Chennai Central","Bhubaneswar"
"18495","Bhubaneswar Express","Rameswaram","Bhubaneswar"
"22903","Bhuj Ac S F Express","Bandra Terminus","Bhuj"
"19116","Bhuj Bdts Express","Bhuj","Bandra Terminus"
"09024","Bhuj Bdts Special","Bhuj","Bandra Terminus"
"09458","Bhuj Brc Special","Bhuj","Vadodara Junction"
"12960","Bhuj Dadar Express","Bhuj","Dadar"
"11091","Bhuj Pune Express","Bhuj","Pune Junction"
"22829","Bhuj Shm Express","Bhuj","Shalimar"
"17009","Bidr Hyb Express","Bidar","Hyderabad Decan"
"11076","Bidr Ltt Express","Bidar","Lokmanyatilak T"
"16572","Bidr Ypr Express","Bidar","Yesvantpur Junction"
"12565","Bihar S Kranti","Darbhanga Junction","New Delhi"
"12566","Bihar S Kranti","New Delhi","Darbhanga Junction"
"01493","Bijapur Express","Hubli Junction","Bijapur"
"22476","Bikaner Ac Express","Coimbatore Junction","Bikaner Junction"
"06013","Bikaner Express","Chennai Egmore","Bikaner Junction"
"16312","Bikaner Express","Kochuveli","Bikaner Junction"
"18235","Bilaspur Express Passenger","Bhopal  Junction","Chirmiri"
"12852","Bilaspur Express","Chennai Central","Bilaspur Junction"
"12442","Bilaspur Rajdhani","New Delhi","Bilaspur Junction"
"21126","Bix Indb Express","Bhind","Indore Junction Bg"
"51030","Bjp Bb Fast Passenger","Bijapur","Mumbai Cst"
"15231","Bju Gondia Express","Barauni Junction","Gondia Junction"
"11123","Bju Gwl Mail","Barauni Junction","Gwalior"
"15203","Bju Ljn Express","Barauni Junction","Lucknow Ne"
"05231","Bju Mfp Special","Barauni Junction","Muzaffarpur Junction"
"04021","Bju Ndls Premiu","Barauni Junction","New Delhi"
"04411","Bju Ndls Premiu","Barauni Junction","New Delhi"
"04701","Bkn  Udn Special","Bikaner Junction","Udhna Junction"
"22631","Bkn Ac Superfast Express","Chennai Central","Bikaner Junction"
"22473","Bkn Bdts Superfast Express","Bikaner Junction","Bandra Terminus"
"09008","Bkn Bdts Special","Bikaner Junction","Bandra Terminus"
"04737","Bkn Bl Special","Bikaner Junction","Valsad"
"18246","Bkn Bsp Express","Bikaner Junction","Bilaspur Junction"
"08246","Bkn Bsp Special","Bikaner Junction","Bilaspur Junction"
"22475","Bkn Cbe Ac S F","Bikaner Junction","Coimbatore Junction"
"12489","Bkn Ddr Superfast Express","Bikaner Junction","Dadar"
"12458","Bkn Dee S F Express","Bikaner Junction","Delhi S Rohilla"
"04725","Bkn Dee S F Special","Bikaner Junction","Delhi S Rohilla"
"12456","Bkn Dee Superfast Express","Bikaner Junction","Delhi S Rohilla"
"25631","Bkn Ghy Express","Bikaner Junction","Guwahati"
"04735","Bkn Hw Special","Bikaner Junction","Haridwar Junction"
"22308","Bkn Hwh Supfast","Bikaner Junction","Howrah Junction"
"22472","Bkn Intercity","Delhi S Rohilla","Bikaner Junction"
"12467","Bkn Jp Intercity","Bikaner Junction","Jaipur"
"22480","Bkn Jsm Express","Bikaner Junction","Jaisalmer"
"14702","Bkn Jsm Express","Bikaner Junction","Jaisalmer"
"16311","Bkn Kcvl Express","Bikaner Junction","Kochuveli"
"12495","Bkn Koaa Superfast Express","Bikaner Junction","Kolkata"
"22632","Bkn Mas Ac Superfast","Bikaner Junction","Chennai Central"
"06014","Bkn Ms Special","Bikaner Junction","Chennai Egmore"
"17624","Bkn Ned Express","Bikaner Junction","Nanded"
"07038","Bkn Ned Special","Bikaner Junction","Nanded"
"04739","Bkn Puri  Inaug","Bikaner Junction","Puri"
"14709","Bkn Puri Express","Bikaner Junction","Puri"
"04741","Bkn Rtgh Special","Bikaner Junction","Ratangarh Junction"
"17038","Bkn Sc Express","Bikaner Junction","Secunderabad Junction"
"04732","Bkn Sgnr Special","Bikaner Junction","Shri Ganganagar"
"16588","Bkn Ypr Express","Bikaner Junction","Yesvantpur Junction"
"09053","Bl  Jodhpur Special","Valsad","Jodhpur Junction"
"22909","Bl  Puri S F Express","Valsad","Puri"
"12583","Bl  Puri S F Express","Valsad","Puri"
"04738","Bl Bkn Ac Special","Valsad","Bikaner Junction"
"12911","Bl Haridwar Express","Valsad","Haridwar Junction"
"19055","Bl Jodhpur Express","Valsad","Jodhpur Junction"
"19052","Bl Shramik Express","Muzaffarpur Junction","Valsad"
"09057","Bl Vadodara Special","Valsad","Vadodara Junction"
"13318","Blackdiamond Express","Dhanbad Junction","Howrah Junction"
"13317","Blackdiamond Express","Howrah Junction","Dhanbad Junction"
"22387","Blackdiamond Express","Howrah Junction","Dhanbad Junction"
"22388","Blackdiamond Express","Dhanbad Junction","Howrah Junction"
"12893","Blgr  Express","Bhubaneswar","Balangir"
"13064","Blgt Hwh Express","Balurghat","Howrah Junction"
"13162","Blgt Koaa Express","Balurghat","Kolkata"
"04973","Bme Bti Special","Barmer","Bhatinda Junction"
"15631","Bme Ghy Express","Barmer","Guwahati"
"24888","Bme Hw Link Express","Barmer","Haridwar Junction"
"14806","Bme Ypr Ac Express","Barmer","Yesvantpur Junction"
"02509","Bnc Kyq Premium","Bangalore Cant","Kamakhya"
"13137","Bp Amh Express","Kolkata","Azamgarh"
"17012","Bpa Hyb Express","Belampalli","Hyderabad Decan"
"13118","Bpc Koaa Express","Lalgola","Kolkata"
"22186","Bpl Double Deck","Indore Junction Bg","Bhopal  Junction"
"13026","Bpl Howrah Express","Bhopal  Junction","Howrah Junction"
"59390","Bpl Indb Passenger","Bhopal  Junction","Indore Junction Bg"
"12198","Bpl Intercity","Gwalior","Bhopal  Junction"
"19712","Bpl Jaipur Express","Bhopal  Junction","Jaipur"
"54811","Bpl Ju Passenger","Bhopal  Junction","Jodhpur Junction"
"07620","Bpl Kranti Special","Bhopal  Junction","Kurnool Town"
"12183","Bpl Pbh Superfast Express","Bhopal  Junction","Partapgarh Junction"
"02183","Bpl Rewa Superfast Special","Bhopal  Junction","Rewa"
"51196","Bpq Wr Passenger","Balharshah","Mumbai Cst"
"14055","Brahmputra Mail","Dibrugarh","Delhi"
"14056","Brahmputra Mail","Delhi","Dibrugarh"
"09457","Brc Bhuj Special","Vadodara Junction","Bhuj"
"12639","Brindavan Express","Chennai Central","Bangalore Cy Junction"
"12640","Brindavan Express","Bangalore Cy Junction","Chennai Central"
"51452","Brmt Pune Passenger","Baramati","Pune Junction"
"19408","Bsb Adi Express","Varanasi Junction","Ahmedabad Junction"
"22407","Bsb Anvt G Rath","Varanasi Junction","Anand Vihar Trm"
"14235","Bsb Be Express","Varanasi Junction","Bareilly"
"04911","Bsb Cdg Special","Varanasi Junction","Chandigarh"
"04505","Bsb Cdg Special","Varanasi Junction","Chandigarh"
"04503","Bsb Cdg Special","Varanasi Junction","Chandigarh"
"01030","Bsb Cstm  Special","Varanasi Junction","Mumbai Cst"
"01028","Bsb Cstm Special","Varanasi Junction","Mumbai Cst"
"01080","Bsb Cstm Special","Varanasi Junction","Mumbai Cst"
"14265","Bsb Ddn Express","Varanasi Junction","Ramnagar"
"22408","Bsb Garib Rath","Anand Vihar Trm","Varanasi Junction"
"14213","Bsb Gd Intercity","Varanasi Junction","Gonda Junction"
"25652","Bsb Ghy","Varanasi Junction","Guwahati"
"13346","Bsb Intercity E","Singrauli","Varanasi Junction"
"21108","Bsb Kurj Link E","Varanasi Junction","Khajuraho"
"14219","Bsb Lko Express","Varanasi Junction","Lucknow Nr"
"14203","Bsb Lko Intercity","Varanasi Junction","Lucknow Nr"
"02070","Bsb Ltt Premium","Varanasi Junction","Lokmanyatilak T"
"01056","Bsb Ltt Special","Varanasi Junction","Lokmanyatilak T"
"12168","Bsb Ltt Superfast Express","Varanasi Junction","Lokmanyatilak T"
"12166","Bsb Ltt Superfast Express","Varanasi Junction","Lokmanyatilak T"
"16230","Bsb Mys Express","Varanasi Junction","Mysore Junction"
"19570","Bsb Okha Express","Varanasi Junction","Okha"
"02069","Bsb Premium Special","Lokmanyatilak T","Varanasi Junction"
"18612","Bsb Rnc Express","Varanasi Junction","Ranchi"
"18312","Bsb Sbp Express","Varanasi Junction","Sambalpur"
"13134","Bsb Sdah Express","Varanasi Junction","Sealdah"
"01075","Bsb Teachers Special","Mumbai Cst","Varanasi Junction"
"19058","Bsb Udn Express","Varanasi Junction","Udhna Junction"
"04209","Bsb Uhp Express","Varanasi Junction","Udhampur"
"22111","Bsl Ngp Superfast Express","Bhusaval Junction","Nagpur"
"11025","Bsl Pune Express","Bhusaval Junction","Pune Junction"
"59076","Bsl St Bct Passenger","Bhusaval Junction","Mumbai Central"
"18243","Bsp Bgkt Express","Bilaspur Junction","Bhagat Ki Kothi"
"18245","Bsp Bkn Express","Bilaspur Junction","Bikaner Junction"
"08245","Bsp Bkn Special","Bilaspur Junction","Bikaner Junction"
"18236","Bsp Bpl Passenger","Bilaspur Junction","Bhopal  Junction"
"58219","Bsp Chrm Passenger","Bilaspur Junction","Chirmiri"
"22815","Bsp Ers S F Express","Bilaspur Junction","Eranakulam Junction"
"58210","Bsp Gad Passenger","Bilaspur Junction","Gevra Road"
"22940","Bsp Hapa  Superfast Express","Bilaspur Junction","Hapa"
"09536","Bsp Hapa  Special","Bilaspur Junction","Hapa"
"12856","Bsp Intercity","Nagpur","Bilaspur Junction"
"01754","Bsp Jbp Special","Bilaspur Junction","Jabalpur"
"01756","Bsp Jbp Special","Bilaspur Junction","Jabalpur"
"12851","Bsp Mas Express","Bilaspur Junction","Chennai Central"
"12441","Bsp Ndls Raj Express","Bilaspur Junction","New Delhi"
"22843","Bsp Pnbe Express","Bilaspur Junction","Patna Junction"
"08293","Bsp Pnbe Special","Bilaspur Junction","Patna Junction"
"12849","Bsp Pune Superfast Express","Bilaspur Junction","Pune Junction"
"12787","Bsp Ten Express","Bilaspur Junction","Tirunelveli"
"22619","Bsp Ten Express","Bilaspur Junction","Tirunelveli"
"17481","Bsp Tpty Express","Bilaspur Junction","Tirupati"
"00117","Bsr Ratnagiri S","Vasai Road","Ratnagiri"
"58865","Btc Jbp Passenger","Balaghat Junction","Jabalpur"
"58871","Btc Jbp Passenger","Balaghat Junction","Jabalpur"
"04010","Bti Dee Special","Bhatinda Junction","Delhi S Rohilla"
"14501","Bti Jat Express","Bhatinda Junction","Jammu Tawi"
"19225","Bti Jat Express","Bhatinda Junction","Jammu Tawi"
"54701","Bti Lgh Passenger","Bhatinda Junction","Lalgarh Junction"
"12048","Bti Ndls Shatabdi","Bhatinda Junction","New Delhi"
"04514","Bti Sbi Special","Bhatinda Junction","Sabarmati Junction"
"22812","Bubneswr Rajdhani","New Delhi","Bhubaneswar"
"22824","Bubneswr Rajdhani","New Delhi","Bhubaneswar"
"14223","Budh Purnima Express","Rajgir","Varanasi Junction"
"14224","Budhpurnima Express","Varanasi Junction","Rajgir"
"15110","Budhpurnima Express","Varanasi Junction","Rajgir"
"13106","Bui Sdah Express","Ballia","Sealdah"
"11107","Bundelkhand Express","Gwalior","Varanasi Junction"
"11108","Bundelkhand Express","Varanasi Junction","Gwalior"
"12941","Bvc Asansol Express","Bhavnagar Trmus","Asansol Junction"
"12972","Bvc Bdts Express","Bhavnagar Trmus","Bandra Terminus"
"19204","Bvc Bdts Express","Bhavnagar Trmus","Bandra Terminus"
"17203","Bvc Kakinada Express","Bhavnagar Trmus","Kakinada Town"
"19260","Bvc Kcvl Express","Bhavnagar Trmus","Kochuveli"
"59230","Bvc St Link Express","Bhavnagar Trmus","Surat"
"18438","Bwip Bbs Link E","Nilaje","Bhubaneswar"
"13013","Bwn Rph Express","Barddhaman Junction","Rampur Hat"
"02714","Bza Adi Superfast Special","Vijayawada Junction","Ahmedabad Junction"
"56504","Bza Bnc Passenger","Vijayawada Junction","Bangalore Cant"
"12796","Bza Intercity","Secunderabad Junction","Vijayawada Junction"
"07213","Bza Qln  Special","Vijayawada Junction","Kollam Junction"
"07219","Bza Qln Special","Vijayawada Junction","Kollam Junction"
"07204","Bza Sc Special","Vijayawada Junction","Secunderabad Junction"
"07207","Bza Sc Special","Vijayawada Junction","Secunderabad Junction"
"07209","Bza Sc Special","Vijayawada Junction","Secunderabad Junction"
"17208","Bza Snsi Express","Vijayawada Junction","Sainagar Shirdi"
"12823","C G Sampark Kranti","Durg","H Nizamuddin"
"15691","Cachar Express","Lumding Junction","Silchar"
"16313","Cannanore Express","Eranakulam Junction","Kannur"
"16305","Cannanore Express","Eranakulam Junction","Kannur"
"16307","Cannanore Express","Alleppey","Kannur"
"12666","Cape Howrah Express","Kanyakumari","Howrah Junction"
"16382","Cape Mumbai Express","Kanyakumari","Mumbai Cst"
"22622","Cape Rmm Express","Kanyakumari","Rameswaram"
"13246","Capital Express","Danapur","New Jalpaiguri"
"13245","Capital Express","New Jalpaiguri","Danapur"
"06630","Cbe Cgl Express","Coimbatore Junction","Chengalpattu"
"06632","Cbe Cgl Express","Coimbatore Junction","Chengalpattu"
"12969","Cbe Jaipur Express","Coimbatore Junction","Jaipur"
"00604","Cbe Mas Premium","Coimbatore Junction","Chennai Central"
"16612","Cbe Tn Link Express","Coimbatore Junction","Tuticorin"
"06635","Cbe Tpj Express","Coimbatore Junction","Tiruchchirapali"
"07239","Cct  Ald Special","Kakinada Town","Allahabad Junction"
"07102","Cct  Sc  Superfast  Special","Kakinada Town","Secunderabad Junction"
"07201","Cct  Sc Superfast  Special","Kakinada Town","Secunderabad Junction"
"17206","Cct  Snsi  Express","Kakinada Town","Sainagar Shirdi"
"17204","Cct Bvc Express","Kakinada Town","Bhavnagar Trmus"
"07338","Cct Kcg Special","Kakinada Town","Kacheguda"
"07211","Cct Qln  Special","Kakinada Town","Kollam Junction"
"02737","Cct Sc Superfast Special","Kakinada Town","Secunderabad Junction"
"19308","Cdg  Indb  Express","Chandigarh","Indore Junction Bg"
"13256","Cdg  Ppta Express","Chandigarh","Danapur"
"12984","Cdg Aii G Rath","Chandigarh","Ajmer Junction"
"02411","Cdg Asr Inaugra","Chandigarh","Amritsar Junction"
"12241","Cdg Asr Superfast","Chandigarh","Amritsar Junction"
"22452","Cdg Bdts Superfast Express","Chandigarh","Bandra Terminus"
"04512","Cdg Bdts Superfast Special","Chandigarh","Bandra Terminus"
"04912","Cdg Bsb Special","Chandigarh","Varanasi Junction"
"04506","Cdg Bsb Special","Chandigarh","Varanasi Junction"
"04504","Cdg Bsb Special","Chandigarh","Varanasi Junction"
"25904","Cdg Dbrg  Special","Chandigarh","Dibrugarh"
"15904","Cdg Dbrg Express","Chandigarh","Dibrugarh"
"04032","Cdg Dli Express","Chandigarh","Delhi"
"04507","Cdg Fzr  Superfast Special","Chandigarh","Firozpur Cant"
"09304","Cdg Indb Special","Chandigarh","Indore Junction Bg"
"19718","Cdg Jp Intercity","Chandigarh","Jaipur"
"04502","Cdg Kir Special","Nangal Dam","Lucknow Nr"
"15012","Cdg Ljn Express","Chandigarh","Lucknow Ne"
"12232","Cdg Lko Express","Chandigarh","Lucknow Nr"
"22688","Cdg Mdu Superfast Express","Chandigarh","Madurai Junction"
"12046","Cdg Ndls Shatabdi","Chandigarh","New Delhi"
"15032","Cdg Rmr  Express","Chandigarh","Ramnagar"
"05056","Cdg Rmr Special","Chandigarh","Ramnagar"
"22451","Cdg Superfast Fast","Bandra Terminus","Chandigarh"
"06629","Cgl Cbe Express","Chengalpattu","Coimbatore Junction"
"06631","Cgl Cbe Express","Chengalpattu","Coimbatore Junction"
"06627","Cgl Cbe Express","Chengalpattu","Coimbatore Junction"
"11022","Chalukya  Express","Tirunelveli","Dadar"
"11006","Chalukya  Express","Puducherry","Dadar"
"12175","Chambal Express","Howrah Junction","Gwalior"
"12177","Chambal Express","Howrah Junction","Mathura Junction"
"12176","Chambal Express","Gwalior","Howrah Junction"
"12178","Chambal Express","Mathura Junction","Howrah Junction"
"16215","Chamundi Express","Mysore Junction","Bangalore Cy Junction"
"16216","Chamundi Express","Bangalore Cy Junction","Mysore Junction"
"19307","Chandigarh Express","Indore Junction Bg","Chandigarh"
"09303","Chandigarh Special","Indore Junction Bg","Chandigarh"
"12759","Charminar Express","Chennai Central","Hyderabad Decan"
"12760","Charminar Express","Hyderabad Decan","Chennai Central"
"18237","Chattisgarh Express","Bilaspur Junction","Amritsar Junction"
"15003","Chaurichauraexp","Kanpur Anwrganj","Gorakhpur Junction"
"15004","Chaurichauraexp","Gorakhpur Junction","Kanpur Anwrganj"
"16615","Chemmozhi Express","Mannargudi","Coimbatore Junction"
"16616","Chemmozhi Express","Coimbatore Junction","Mannargudi"
"06060","Chennai   Express","Velankanni","Chennai Egmore"
"06348","Chennai  Express","Trivandrum Cntl","Chennai Central"
"06616","Chennai  Superfast Express","Coimbatore Junction","Chennai Central"
"12686","Chennai Express","Mangalore Cntl","Chennai Central"
"06040","Chennai Express","Coimbatore Junction","Chennai Egmore"
"06016","Chennai Express","Mangalore Cntl","Chennai Central"
"06310","Chennai Express","Nagercoil Junction","Chennai Central"
"06082","Chennai Express","Kochuveli","Chennai Central"
"12604","Chennai Express","Hyderabad Decan","Chennai Central"
"06084","Chennai Express","Nagercoil Junction","Chennai Egmore"
"16176","Chennai Express","Karaikal","Chennai Egmore"
"06338","Chennai Express","Kochuveli","Chennai Central"
"06018","Chennai Express","Nagercoil Junction","Chennai Egmore"
"06008","Chennai Express","Tuticorin","Chennai Central"
"06042","Chennai Express","Coimbatore Junction","Chennai Egmore"
"06004","Chennai Express","Kollam Junction","Chennai Central"
"06624","Chennai Express","Coimbatore Junction","Chennai Egmore"
"06036","Chennai Express","Tuticorin","Chennai Egmore"
"12164","Chennai Express","Chennai Egmore","Dadar"
"06062","Chennai Express","Tiruchchirapali","Chennai Egmore"
"06606","Chennai Express","Erode Junction","Chennai Central"
"12668","Chennai Express","Nagercoil Junction","Chennai Egmore"
"12682","Chennai Express","Coimbatore Junction","Chennai Central"
"12692","Chennai Express","Sai P Nilayam","Chennai Central"
"06748","Chennai Express","Nagercoil Junction","Chennai Egmore"
"16854","Chennai Express","Tiruchchirapali","Chennai Egmore"
"06012","Chennai Express","Kochuveli","Chennai Central"
"56101","Chennai Express","Metur Dam","Chennai Egmore"
"22681","Chennai Express","Mysore Junction","Chennai Central"
"22624","Chennai Express","Madurai Junction","Chennai Egmore"
"12610","Chennai Express","Bangalore Cy Junction","Chennai Central"
"12163","Chennai Express","Dadar","Chennai Egmore"
"16702","Chennai Express","Rameswaram","Chennai Egmore"
"06056","Chennai Express","Eranakulam Junction","Chennai Central"
"06058","Chennai Express","Tiruchchirapali","Chennai Egmore"
"16102","Chennai Express","Rameswaram","Chennai Egmore"
"12680","Chennai Express","Coimbatore Junction","Chennai Central"
"22640","Chennai Express","Alleppey","Chennai Central"
"11074","Chennai Ltt Express","Chennai Central","Lokmanyatilak T"
"11027","Chennai Mail","Mumbai Cst","Chennai Central"
"12602","Chennai Mail","Mangalore Cntl","Chennai Central"
"12624","Chennai Mail","Trivandrum Cntl","Chennai Central"
"12658","Chennai Mail","Bangalore Cy Junction","Chennai Central"
"12434","Chennai Rajdhni","H Nizamuddin","Chennai Central"
"12673","Cheran Express","Chennai Central","Coimbatore Junction"
"12674","Cheran Express","Coimbatore Junction","Chennai Central"
"12981","Chetak Express","Delhi S Rohilla","Udaipur City"
"12982","Chetak Express","Udaipur City","Delhi S Rohilla"
"11059","Chhapra Express","Lokmanyatilak T","Chhapra"
"18238","Chhatisgarh Express","Amritsar Junction","Chhindwara Junction"
"15205","Chitrakut  Express","Lucknow Ne","Jabalpur"
"15009","Chitrakut  Express","Lucknow Ne","Jabalpur"
"15206","Chitrakut Express","Jabalpur","Lucknow Ne"
"51754","Chrm Rewa F Pgr","Chirmiri","Rewa"
"12824","Chtsgrh S Kranti","H Nizamuddin","Durg"
"17643","Circar Express","Chennai Egmore","Kakinada Port"
"17644","Circar Express","Kakinada Port","Chennai Egmore"
"18403","Ckp Bbn Intercity Express","Chakradharpur","Barabil"
"08463","Ckp Bbs Special","Chakradharpur","Bhubaneswar"
"14151","Cnb Anvt Express","Kanpur Central","Anand Vihar Trm"
"14153","Cnb Asr Express","Kanpur Central","Amritsar Junction"
"22443","Cnb Bdts Superfast","Kanpur Central","Bandra Terminus"
"04153","Cnb Cstm Special","Kanpur Central","Mumbai Cst"
"12210","Cnb Garib Rath","Kathgodam","Kanpur Central"
"12469","Cnb Jat Express","Kanpur Central","Jammu Tawi"
"12033","Cnb Ndls Shatabdi","Kanpur Central","New Delhi"
"14155","Cnb Uhp Express","Kanpur Central","Udhampur"
"17221","Coa  Ltt Express","Kakinada Port","Lokmanyatilak T"
"12339","Coal Field Express","Howrah Junction","Dhanbad Junction"
"12340","Coalfield Express","Dhanbad Junction","Howrah Junction"
"12775","Cocanada Express","Kakinada Town","Secunderabad Junction"
"12776","Cocanada Express","Secunderabad Junction","Kakinada Town"
"06039","Coimbatore Express","Chennai Egmore","Coimbatore Junction"
"16617","Coimbatore Express","Rameswaram","Coimbatore Junction"
"11013","Coimbatore Express","Lokmanyatilak T","Coimbatore Junction"
